"ID","Description","GeneRatio","BgRatio","RichFactor","FoldEnrichment","zScore","pvalue","p.adjust","qvalue","geneID","Count"
"GO:0140014","mitotic nuclear division","10/47","282/18986",0.0354609929078014,14.3247321563302,11.2303037480327,1.42147352316643e-09,1.83796526545419e-06,1.34067397553381e-06,"NEK2/KIF4A/PKMYT1/UBE2C/CDC25C/TPX2/NUF2/UHRF1/SPC25/CDK1",10
"GO:0000070","mitotic sister chromatid segregation","8/47","194/18986",0.0412371134020619,16.6580390436499,10.9201207947108,2.29944492607845e-08,1.48659114470972e-05,1.08436981777173e-05,"NEK2/KIF4A/UBE2C/TPX2/NUF2/UHRF1/SPC25/CDK1",8
"GO:0000819","sister chromatid segregation","8/47","235/18986",0.0340425531914894,13.751742870077,9.79866632414016,1.01446655543972e-07,3.94696639108063e-05,2.87905066667338e-05,"NEK2/KIF4A/UBE2C/TPX2/NUF2/UHRF1/SPC25/CDK1",8
"GO:0000280","nuclear division","10/47","451/18986",0.0221729490022173,8.95692786715101,8.51948032830895,1.2210259523838e-07,3.94696639108063e-05,2.87905066667338e-05,"NEK2/KIF4A/PKMYT1/UBE2C/CDC25C/TPX2/NUF2/UHRF1/SPC25/CDK1",10
"GO:1902850","microtubule cytoskeleton organization involved in mitosis","7/47","167/18986",0.0419161676646707,16.9323480698178,10.3018555942487,1.67990426408381e-07,4.34423242692073e-05,3.16882993814546e-05,"NEK2/KIF4A/TPX2/NUF2/UHRF1/SPC25/CDK1",7
"GO:0007088","regulation of mitotic nuclear division","6/47","121/18986",0.0495867768595041,20.0309477756286,10.4616552794126,5.12969868442035e-07,0.000110545006649259,8.06352635305374e-05,"NEK2/PKMYT1/UBE2C/CDC25C/NUF2/SPC25",6
"GO:0007059","chromosome segregation","9/47","429/18986",0.020979020979021,8.4746317512275,7.8008202582092,8.9891879840959e-07,0.000151155635217764,0.000110258028375558,"NEK2/KIF4A/UBE2C/TPX2/NUF2/UHRF1/SPC25/HJURP/CDK1",9
"GO:0007052","mitotic spindle organization","6/47","134/18986",0.0447761194029851,18.0876468720229,9.88852809472435,9.3522434782839e-07,0.000151155635217764,0.000110258028375558,"NEK2/KIF4A/TPX2/NUF2/UHRF1/SPC25",6
"GO:0098813","nuclear chromosome segregation","8/47","324/18986",0.0246913580246914,9.97425794588915,8.11647898424089,1.16256682814884e-06,0.000167022100977384,0.000121831564680861,"NEK2/KIF4A/UBE2C/TPX2/NUF2/UHRF1/SPC25/CDK1",8
"GO:0051783","regulation of nuclear division","6/47","151/18986",0.0397350993377483,16.0512892771594,9.25028411138233,1.87963333951204e-06,0.000243036590798906,0.000177279102337135,"NEK2/PKMYT1/UBE2C/CDC25C/NUF2/SPC25",6
"GO:0008608","attachment of spindle microtubules to kinetochore","4/47","54/18986",0.0740740740740741,29.9227738376675,10.6026464844013,9.51917730155655e-06,0.00111893602281024,0.000816189747578437,"NEK2/NUF2/SPC25/CDK1",4
"GO:0007051","spindle organization","6/47","204/18986",0.0294117647058824,11.8811013767209,7.78381902261481,1.06351304657374e-05,0.0011459353076832,0.00083588393835971,"NEK2/KIF4A/TPX2/NUF2/UHRF1/SPC25",6
"GO:0022411","cellular component disassembly","8/47","450/18986",0.0177777777777778,7.18146572104019,6.61097354734584,1.30765510581913e-05,0.00130061388601856,0.000948711720497115,"MMP11/TPX2/ACVR1C/GSN/CFL2/MMP13/CDK1/SPTBN1",8
"GO:0044772","mitotic cell cycle phase transition","8/47","467/18986",0.0171306209850107,6.92004191534922,6.45282910866528,1.70878387963472e-05,0.00157818396883406,0.00115118071891181,"FHL1/PKMYT1/IQGAP3/UBE2C/CDC25C/NUF2/SPC25/CDK1",8
"GO:1901990","regulation of mitotic cell cycle phase transition","7/47","368/18986",0.0190217391304348,7.68397317298797,6.45012011442044,3.13198229877012e-05,0.00269976874153984,0.00196930255417405,"FHL1/PKMYT1/UBE2C/CDC25C/NUF2/SPC25/CDK1",7
"GO:0090307","mitotic spindle assembly","4/47","76/18986",0.0526315789473684,21.2609182530795,8.81649293237713,3.71098882533681e-05,0.00299894284447531,0.00218753025493538,"NEK2/KIF4A/TPX2/UHRF1",4
"GO:0140694","non-membrane-bounded organelle assembly","7/47","425/18986",0.0164705882352941,6.65341677096371,5.87192487013199,7.78053636772053e-05,0.00563997717725803,0.0041139899465325,"MYOM1/NEK2/KIF4A/TPX2/UHRF1/GSN/CFL2",7
"GO:1901879","regulation of protein depolymerization","4/47","92/18986",0.0434782608695652,17.5633672525439,7.93334420053263,7.85147634885109e-05,0.00563997717725803,0.0041139899465325,"TPX2/GSN/CFL2/SPTBN1",4
"GO:0051310","metaphase chromosome alignment","4/47","103/18986",0.0388349514563107,15.6876678372237,7.44580513103483,0.000121789602614446,0.00828810295686728,0.00604562237908828,"NEK2/NUF2/SPC25/CDK1",4
"GO:0010389","regulation of G2/M transition of mitotic cell cycle","4/47","107/18986",0.0373831775700935,15.1012129648041,7.28676183319508,0.000141131328528172,0.00858190828322766,0.00625993391278706,"FHL1/PKMYT1/CDC25C/CDK1",4
"GO:0033045","regulation of sister chromatid segregation","4/47","108/18986",0.037037037037037,14.9613869188337,7.24833333909094,0.000146294784505054,0.00858190828322766,0.00625993391278706,"UBE2C/NUF2/SPC25/CDK1",4
"GO:1901991","negative regulation of mitotic cell cycle phase transition","5/47","205/18986",0.024390243902439,9.85262065386611,6.34841247534029,0.000148298887110378,0.00858190828322766,0.00625993391278706,"FHL1/PKMYT1/NUF2/SPC25/CDK1",5
"GO:0010948","negative regulation of cell cycle process","6/47","329/18986",0.0182370820668693,7.3670051089698,5.80347274560232,0.000152655754458033,0.00858190828322766,0.00625993391278706,"NEK2/FHL1/PKMYT1/NUF2/SPC25/CDK1",6
"GO:1901987","regulation of cell cycle phase transition","7/47","479/18986",0.0146137787056367,5.9033447341536,5.41461871101513,0.0001634974488176,0.00860541032329308,0.00627707709502227,"FHL1/PKMYT1/UBE2C/CDC25C/NUF2/SPC25/CDK1",7
"GO:0030198","extracellular matrix organization","6/47","339/18986",0.0176991150442478,7.14968932404444,5.69146733425338,0.000179583623647526,0.00860541032329308,0.00627707709502227,"MMP11/COL10A1/COL11A1/CAV1/IBSP/MMP13",6
"GO:0043062","extracellular structure organization","6/47","340/18986",0.0176470588235294,7.12866082603254,5.68051764814608,0.00018247072359758,0.00860541032329308,0.00627707709502227,"MMP11/COL10A1/COL11A1/CAV1/IBSP/MMP13",6
"GO:0045229","external encapsulating structure organization","6/47","341/18986",0.0175953079178886,7.10775566231984,5.66961225288719,0.000185394471503026,0.00860541032329308,0.00627707709502227,"MMP11/COL10A1/COL11A1/CAV1/IBSP/MMP13",6
"GO:0051303","establishment of chromosome localization","4/47","115/18986",0.0347826086956522,14.0506938020352,6.99295560038023,0.000186350726258474,0.00860541032329308,0.00627707709502227,"NEK2/NUF2/SPC25/CDK1",4
"GO:0001824","blastocyst development","4/47","118/18986",0.0338983050847458,13.6934727731699,6.89023815800812,0.000205731787301113,0.00917280003380479,0.00669095032384019,"NEK2/PLPP4/ACVR1C/ASF1B",4
"GO:1902749","regulation of cell cycle G2/M phase transition","4/47","120/18986",0.0333333333333333,13.4652482269504,6.82381661400901,0.00021943425978638,0.00945761659679297,0.00689870514977531,"FHL1/PKMYT1/CDC25C/CDK1",4
"GO:0051261","protein depolymerization","4/47","122/18986",0.0327868852459016,13.2445064527381,6.75896213684995,0.000233782790948702,0.00974618533654119,0.00710919694023764,"TPX2/GSN/CFL2/SPTBN1",4
"GO:0050000","chromosome localization","4/47","123/18986",0.032520325203252,13.1368275384882,6.72710275972245,0.000241204896186634,0.00974618533654119,0.00710919694023764,"NEK2/NUF2/SPC25/CDK1",4
"GO:0043244","regulation of protein-containing complex disassembly","4/47","129/18986",0.0310077519379845,12.5258123041399,6.54343518887789,0.000289348809998641,0.0113372124644922,0.00826974589342209,"TPX2/GSN/CFL2/SPTBN1",4
"GO:0030834","regulation of actin filament depolymerization","3/47","53/18986",0.0566037735849057,22.8655158570855,7.94078893751265,0.000305367194017734,0.0116129347607333,0.00847086705386657,"GSN/CFL2/SPTBN1",3
"GO:0051225","spindle assembly","4/47","134/18986",0.0298507462686567,12.0584312480152,6.39945388025398,0.00033444744970094,0.0123554443560947,0.0090124786445727,"NEK2/KIF4A/TPX2/UHRF1",4
"GO:0051983","regulation of chromosome segregation","4/47","135/18986",0.0296296296296296,11.969109535067,6.37157454405765,0.000344037785418364,0.0123566904596096,0.00901338759458637,"UBE2C/NUF2/SPC25/CDK1",4
"GO:1901993","regulation of meiotic cell cycle phase transition","2/47","12/18986",0.166666666666667,67.3262411347518,11.4491242385789,0.00038966550767132,0.0130581333584463,0.00952504374906816,"PKMYT1/CDC25C",2
"GO:0030042","actin filament depolymerization","3/47","58/18986",0.0517241379310345,20.8943506969919,7.55904812360844,0.000398749889224805,0.0130581333584463,0.00952504374906816,"GSN/CFL2/SPTBN1",3
"GO:0033047","regulation of mitotic sister chromatid segregation","3/47","58/18986",0.0517241379310345,20.8943506969919,7.55904812360844,0.000398749889224805,0.0130581333584463,0.00952504374906816,"NUF2/SPC25/CDK1",3
"GO:0000086","G2/M transition of mitotic cell cycle","4/47","141/18986",0.0283687943262411,11.4597857250641,6.21026283334581,0.000405768521920502,0.0130581333584463,0.00952504374906816,"FHL1/PKMYT1/CDC25C/CDK1",4
"GO:0045930","negative regulation of mitotic cell cycle","5/47","256/18986",0.01953125,7.88979388297872,5.52882738745505,0.000414063006725675,0.0130581333584463,0.00952504374906816,"FHL1/PKMYT1/NUF2/SPC25/CDK1",5
"GO:0033044","regulation of chromosome organization","5/47","258/18986",0.0193798449612403,7.82863269008742,5.5014049402448,0.000429041841292722,0.0132083595426545,0.00963462380446813,"NEK2/UBE2C/NUF2/SPC25/CDK1",5
"GO:0010965","regulation of mitotic sister chromatid separation","3/47","62/18986",0.0483870967741935,19.5463280713795,7.28656797352691,0.000485369964029357,0.0145949619416269,0.0106460584521494,"UBE2C/NUF2/SPC25",3
"GO:0045786","negative regulation of cell cycle","6/47","419/18986",0.0143198090692124,5.7845935103844,4.93352004781576,0.000556646006324124,0.0160237237548809,0.0116882456013133,"NEK2/FHL1/PKMYT1/NUF2/SPC25/CDK1",6
"GO:0051306","mitotic sister chromatid separation","3/47","65/18986",0.0461538461538462,18.6441898527005,7.09842609932199,0.000557670200285877,0.0160237237548809,0.0116882456013133,"UBE2C/NUF2/SPC25",3
"GO:0044771","meiotic cell cycle phase transition","2/47","15/18986",0.133333333333333,53.8609929078014,10.2026160079175,0.000616993210416604,0.017148530906344,0.012508717948536,"PKMYT1/CDC25C",2
"GO:0044839","cell cycle G2/M phase transition","4/47","158/18986",0.0253164556962025,10.2267708052788,5.80165486054657,0.000623341804020238,0.017148530906344,0.012508717948536,"FHL1/PKMYT1/CDC25C/CDK1",4
"GO:1901988","negative regulation of cell cycle phase transition","5/47","287/18986",0.0174216027874564,7.03758618133294,5.13417666182399,0.000695596066107472,0.01873761903077,0.013667852527024,"FHL1/PKMYT1/NUF2/SPC25/CDK1",5
"GO:0010972","negative regulation of G2/M transition of mitotic cell cycle","3/47","71/18986",0.0422535211267606,17.0686245130357,6.75741220112273,0.000722166773270791,0.0190563599559007,0.013900352929122,"FHL1/PKMYT1/CDK1",3
"GO:0043434","response to peptide hormone","6/47","446/18986",0.0134529147982063,5.43440511401584,4.72088736271577,0.000771778593084891,0.0198086294597219,0.0144490837268782,"CAV1/SORBS1/SIK2/SLC2A4/ACVR1C/CRHBP",6
"GO:1902750","negative regulation of cell cycle G2/M phase transition","3/47","73/18986",0.0410958904109589,16.6009909647333,6.65287114234222,0.000783145321082273,0.0198086294597219,0.0144490837268782,"FHL1/PKMYT1/CDK1",3
"GO:0051014","actin filament severing","2/47","17/18986",0.117647058823529,47.5244055068836,9.56001959601131,0.000796634750120291,0.0198086294597219,0.0144490837268782,"GSN/CFL2",2
"GO:1901880","negative regulation of protein depolymerization","3/47","74/18986",0.0405405405405405,16.3766532489937,6.60213892761138,0.000814824600125344,0.0198786454332466,0.0145001557440379,"TPX2/GSN/SPTBN1",3
"GO:1905818","regulation of chromosome separation","3/47","77/18986",0.038961038961039,15.7386018237082,6.45569606434731,0.000914720062401285,0.0219024637163863,0.0159763971912583,"UBE2C/NUF2/SPC25",3
"GO:0046323","D-glucose import","3/47","79/18986",0.0379746835443038,15.3401562079181,6.36255901166854,0.000985444990149515,0.0231669158593331,0.0168987313143343,"SORBS1/SLC2A4/ACACB",3
"GO:0071375","cellular response to peptide hormone stimulus","5/47","321/18986",0.0155763239875389,6.29217206866839,4.76374145833947,0.00114798634469257,0.0262425560046831,0.0191422071723825,"CAV1/SORBS1/SIK2/SLC2A4/CRHBP",5
"GO:0043242","negative regulation of protein-containing complex disassembly","3/47","84/18986",0.0357142857142857,14.4270516717325,6.14387160954299,0.0011771602848195,0.0262425560046831,0.0191422071723825,"TPX2/GSN/SPTBN1",3
"GO:0051304","chromosome separation","3/47","84/18986",0.0357142857142857,14.4270516717325,6.14387160954299,0.0011771602848195,0.0262425560046831,0.0191422071723825,"UBE2C/NUF2/SPC25",3
"GO:1901379","regulation of potassium ion transmembrane transport","3/47","90/18986",0.0333333333333333,13.4652482269504,5.9049055246506,0.00143639810288947,0.0314790296107811,0.0229618679783937,"FHL1/CAV1/KCNIP2",3
"GO:0051988","regulation of attachment of spindle microtubules to kinetochore","2/47","23/18986",0.0869565217391304,35.1267345050879,8.15794620118965,0.00146801757452268,0.0316357787309638,0.0230762060837249,"NEK2/CDK1",2
"GO:0030071","regulation of mitotic metaphase/anaphase transition","3/47","93/18986",0.032258064516129,13.0308853809197,5.7938107993834,0.0015784115416358,0.0334571495628703,0.0244047755186484,"UBE2C/NUF2/SPC25",3
"GO:0000281","mitotic cytokinesis","3/47","94/18986",0.0319148936170213,12.8922589406971,5.75791199751136,0.00162763234460251,0.0339440100253394,0.024759907992595,"KIF4A/IQGAP3/SPTBN1",3
"GO:1902099","regulation of metaphase/anaphase transition of cell cycle","3/47","96/18986",0.03125,12.623670212766,5.68772545418059,0.00172893935680524,0.0341807001905427,0.024932557797636,"UBE2C/NUF2/SPC25",3
"GO:0010954","positive regulation of protein processing","2/47","25/18986",0.08,32.3165957446809,7.80530070228601,0.00173525378694545,0.0341807001905427,0.024932557797636,"CLEC3B/GSN",2
"GO:0007091","metaphase/anaphase transition of mitotic cell cycle","3/47","97/18986",0.0309278350515464,12.4935292827374,5.65341020027528,0.00178103898264171,0.0341807001905427,0.024932557797636,"UBE2C/NUF2/SPC25",3
"GO:0019915","lipid storage","3/47","97/18986",0.0309278350515464,12.4935292827374,5.65341020027528,0.00178103898264171,0.0341807001905427,0.024932557797636,"CAV1/ACVR1C/ACACB",3
"GO:0001835","blastocyst hatching","2/47","26/18986",0.0769230769230769,31.0736497545008,7.64415267748927,0.00187689846367249,0.0341807001905427,0.024932557797636,"PLPP4/ASF1B",2
"GO:0035188","hatching","2/47","26/18986",0.0769230769230769,31.0736497545008,7.64415267748927,0.00187689846367249,0.0341807001905427,0.024932557797636,"PLPP4/ASF1B",2
"GO:0046716","muscle cell cellular homeostasis","2/47","26/18986",0.0769230769230769,31.0736497545008,7.64415267748927,0.00187689846367249,0.0341807001905427,0.024932557797636,"CAV1/CFL2",2
"GO:0051315","attachment of mitotic spindle microtubules to kinetochore","2/47","26/18986",0.0769230769230769,31.0736497545008,7.64415267748927,0.00187689846367249,0.0341807001905427,0.024932557797636,"NUF2/CDK1",2
"GO:0071684","organism emergence from protective structure","2/47","26/18986",0.0769230769230769,31.0736497545008,7.64415267748927,0.00187689846367249,0.0341807001905427,0.024932557797636,"PLPP4/ASF1B",2
"GO:0044784","metaphase/anaphase transition of cell cycle","3/47","100/18986",0.03,12.1187234042553,5.55342155505751,0.00194320150917917,0.0348966604356759,0.0254548033950956,"UBE2C/NUF2/SPC25",3
"GO:0031032","actomyosin structure organization","4/47","216/18986",0.0185185185185185,7.48069345941686,4.77190651011941,0.00198156014510407,0.0350980447619119,0.025601699928093,"MYOM1/SORBS1/IQGAP3/CFL2",4
"GO:1903319","positive regulation of protein maturation","2/47","27/18986",0.0740740740740741,29.9227738376675,7.49186284555647,0.00202385929820327,0.0353628388186058,0.0257948496613105,"CLEC3B/GSN",2
"GO:0007517","muscle organ development","5/47","369/18986",0.013550135501355,5.47367814103673,4.32313479424634,0.0021184099456658,0.0365213874632784,0.0266399341939166,"MYOM1/FHL1/COL11A1/CAV1/CFL2",5
"GO:0010639","negative regulation of organelle organization","5/47","371/18986",0.0134770889487871,5.44417044216322,4.30647419095282,0.00216878362404999,0.0365416953054239,0.0266547474202465,"TPX2/NUF2/SPC25/GSN/SPTBN1",5
"GO:0010971","positive regulation of G2/M transition of mitotic cell cycle","2/47","28/18986",0.0714285714285714,28.854103343465,7.3476362220634,0.00217611023860606,0.0365416953054239,0.0266547474202465,"CDC25C/CDK1",2
"GO:1901992","positive regulation of mitotic cell cycle phase transition","3/47","105/18986",0.0285714285714286,11.541641337386,5.39592739085046,0.00223340341163334,0.0370229565543834,0.0270057956386433,"UBE2C/CDC25C/CDK1",3
"GO:0031579","membrane raft organization","2/47","29/18986",0.0689655172413793,27.8591342626559,7.21077445867228,0.00233362532459237,0.0380886444172499,0.0277831443789277,"CAV1/GSN",2
"GO:0043266","regulation of potassium ion transport","3/47","107/18986",0.0280373831775701,11.3259097236031,5.33588458345889,0.00235660599642691,0.0380886444172499,0.0277831443789277,"FHL1/CAV1/KCNIP2",3
"GO:1902751","positive regulation of cell cycle G2/M phase transition","2/47","31/18986",0.0645161290322581,26.0617707618394,6.95675026804438,0.00266434454870683,0.0425308333515795,0.0310234271038509,"CDC25C/CDK1",2
"GO:0086011","membrane repolarization during action potential","2/47","32/18986",0.0625,25.2473404255319,6.83855538462336,0.00283749722197064,0.0447424866830248,0.0326366817828715,"CAV1/KCNIP2",2
"GO:1904659","D-glucose transmembrane transport","3/47","118/18986",0.0254237288135593,10.2701045798774,5.03197426318239,0.00310951216980588,0.0484409546452892,0.0353344692979844,"SORBS1/SLC2A4/ACACB",3
